Method,Job,AnalyzeLaunchVariance,EvaluateOverhead,MaxAbsoluteError,MaxRelativeError,MinInvokeCount,MinIterationTime,OutlierMode,Affinity,EnvironmentVariables,Jit,Platform,PowerPlanMode,Runtime,AllowVeryLargeObjects,Concurrent,CpuGroups,Force,HeapAffinitizeMask,HeapCount,NoAffinitize,RetainVm,Server,Arguments,BuildConfiguration,Clock,EngineFactory,NuGetReferences,Toolchain,IsMutator,InvocationCount,IterationCount,IterationTime,LaunchCount,MaxIterationCount,MaxWarmupIterationCount,MemoryRandomization,MinIterationCount,MinWarmupIterationCount,RunStrategy,UnrollFactor,WarmupCount,Iterations,RamKilobytes,Mean,Error,StdDev,Median,Gen 0,Completed Work Items,Lock Contentions,Gen 1,Gen 2,Allocated
GetHashAsync,Job-RDFKRE,False,Default,Default,Default,Default,Default,Default,111111111111111111111111,Empty,RyuJit,X64,8c5e7fda-e8bf-4a96-9a85-a6e23a8c635c,.NET 5.0,False,True,False,True,Default,Default,False,False,False,Default,Default,Default,Default,Default,Default,Default,1,Default,Default,Default,Default,Default,Default,Default,Default,Default,1,Default,2,65536,55.02 ms,1.094 ms,2.683 ms,54.09 ms,1000.0000,40.0000,0.0000,1000.0000,1000.0000,65 MB
GetHashAsync,Job-RDFKRE,False,Default,Default,Default,Default,Default,Default,111111111111111111111111,Empty,RyuJit,X64,8c5e7fda-e8bf-4a96-9a85-a6e23a8c635c,.NET 5.0,False,True,False,True,Default,Default,False,False,False,Default,Default,Default,Default,Default,Default,Default,1,Default,Default,Default,Default,Default,Default,Default,Default,Default,1,Default,2,69632,55.31 ms,0.722 ms,0.564 ms,55.15 ms,1000.0000,40.0000,0.0000,1000.0000,1000.0000,69 MB
GetHashAsync,Job-RDFKRE,False,Default,Default,Default,Default,Default,Default,111111111111111111111111,Empty,RyuJit,X64,8c5e7fda-e8bf-4a96-9a85-a6e23a8c635c,.NET 5.0,False,True,False,True,Default,Default,False,False,False,Default,Default,Default,Default,Default,Default,Default,1,Default,Default,Default,Default,Default,Default,Default,Default,Default,1,Default,2,73728,66.05 ms,2.829 ms,8.341 ms,61.80 ms,1000.0000,40.0000,0.0000,1000.0000,1000.0000,73 MB
GetHashAsync,Job-RDFKRE,False,Default,Default,Default,Default,Default,Default,111111111111111111111111,Empty,RyuJit,X64,8c5e7fda-e8bf-4a96-9a85-a6e23a8c635c,.NET 5.0,False,True,False,True,Default,Default,False,False,False,Default,Default,Default,Default,Default,Default,Default,1,Default,Default,Default,Default,Default,Default,Default,Default,Default,1,Default,2,77824,69.06 ms,2.727 ms,7.955 ms,65.23 ms,1000.0000,40.0000,0.0000,1000.0000,1000.0000,77 MB
GetHashAsync,Job-RDFKRE,False,Default,Default,Default,Default,Default,Default,111111111111111111111111,Empty,RyuJit,X64,8c5e7fda-e8bf-4a96-9a85-a6e23a8c635c,.NET 5.0,False,True,False,True,Default,Default,False,False,False,Default,Default,Default,Default,Default,Default,Default,1,Default,Default,Default,Default,Default,Default,Default,Default,Default,1,Default,2,81920,71.51 ms,2.754 ms,8.032 ms,67.61 ms,1000.0000,40.0000,0.0000,1000.0000,1000.0000,81 MB
GetHashAsync,Job-RDFKRE,False,Default,Default,Default,Default,Default,Default,111111111111111111111111,Empty,RyuJit,X64,8c5e7fda-e8bf-4a96-9a85-a6e23a8c635c,.NET 5.0,False,True,False,True,Default,Default,False,False,False,Default,Default,Default,Default,Default,Default,Default,1,Default,Default,Default,Default,Default,Default,Default,Default,Default,1,Default,2,86016,69.32 ms,1.339 ms,1.645 ms,68.85 ms,1000.0000,40.0000,0.0000,1000.0000,1000.0000,85 MB
GetHashAsync,Job-RDFKRE,False,Default,Default,Default,Default,Default,Default,111111111111111111111111,Empty,RyuJit,X64,8c5e7fda-e8bf-4a96-9a85-a6e23a8c635c,.NET 5.0,False,True,False,True,Default,Default,False,False,False,Default,Default,Default,Default,Default,Default,Default,1,Default,Default,Default,Default,Default,Default,Default,Default,Default,1,Default,2,90112,80.26 ms,3.513 ms,10.302 ms,74.81 ms,1000.0000,40.0000,0.0000,1000.0000,1000.0000,89 MB
GetHashAsync,Job-RDFKRE,False,Default,Default,Default,Default,Default,Default,111111111111111111111111,Empty,RyuJit,X64,8c5e7fda-e8bf-4a96-9a85-a6e23a8c635c,.NET 5.0,False,True,False,True,Default,Default,False,False,False,Default,Default,Default,Default,Default,Default,Default,1,Default,Default,Default,Default,Default,Default,Default,Default,Default,1,Default,2,94208,83.76 ms,3.839 ms,11.199 ms,77.94 ms,1000.0000,40.0000,0.0000,1000.0000,1000.0000,93 MB
GetHashAsync,Job-RDFKRE,False,Default,Default,Default,Default,Default,Default,111111111111111111111111,Empty,RyuJit,X64,8c5e7fda-e8bf-4a96-9a85-a6e23a8c635c,.NET 5.0,False,True,False,True,Default,Default,False,False,False,Default,Default,Default,Default,Default,Default,Default,1,Default,Default,Default,Default,Default,Default,Default,Default,Default,1,Default,2,98304,82.85 ms,2.478 ms,6.698 ms,80.26 ms,1000.0000,40.0000,0.0000,1000.0000,1000.0000,97 MB
GetHashAsync,Job-RDFKRE,False,Default,Default,Default,Default,Default,Default,111111111111111111111111,Empty,RyuJit,X64,8c5e7fda-e8bf-4a96-9a85-a6e23a8c635c,.NET 5.0,False,True,False,True,Default,Default,False,False,False,Default,Default,Default,Default,Default,Default,Default,1,Default,Default,Default,Default,Default,Default,Default,Default,Default,1,Default,2,102400,88.70 ms,3.584 ms,10.569 ms,83.27 ms,1000.0000,41.0000,0.0000,1000.0000,1000.0000,101 MB
GetHashAsync,Job-RDFKRE,False,Default,Default,Default,Default,Default,Default,111111111111111111111111,Empty,RyuJit,X64,8c5e7fda-e8bf-4a96-9a85-a6e23a8c635c,.NET 5.0,False,True,False,True,Default,Default,False,False,False,Default,Default,Default,Default,Default,Default,Default,1,Default,Default,Default,Default,Default,Default,Default,Default,Default,1,Default,2,106496,94.46 ms,4.064 ms,11.854 ms,88.48 ms,1000.0000,40.0000,0.0000,1000.0000,1000.0000,105 MB
GetHashAsync,Job-RDFKRE,False,Default,Default,Default,Default,Default,Default,111111111111111111111111,Empty,RyuJit,X64,8c5e7fda-e8bf-4a96-9a85-a6e23a8c635c,.NET 5.0,False,True,False,True,Default,Default,False,False,False,Default,Default,Default,Default,Default,Default,Default,1,Default,Default,Default,Default,Default,Default,Default,Default,Default,1,Default,2,110592,93.40 ms,3.278 ms,9.192 ms,89.88 ms,1000.0000,40.0000,0.0000,1000.0000,1000.0000,109 MB
GetHashAsync,Job-RDFKRE,False,Default,Default,Default,Default,Default,Default,111111111111111111111111,Empty,RyuJit,X64,8c5e7fda-e8bf-4a96-9a85-a6e23a8c635c,.NET 5.0,False,True,False,True,Default,Default,False,False,False,Default,Default,Default,Default,Default,Default,Default,1,Default,Default,Default,Default,Default,Default,Default,Default,Default,1,Default,2,114688,98.58 ms,3.816 ms,11.009 ms,93.32 ms,1000.0000,40.0000,0.0000,1000.0000,1000.0000,113 MB
GetHashAsync,Job-RDFKRE,False,Default,Default,Default,Default,Default,Default,111111111111111111111111,Empty,RyuJit,X64,8c5e7fda-e8bf-4a96-9a85-a6e23a8c635c,.NET 5.0,False,True,False,True,Default,Default,False,False,False,Default,Default,Default,Default,Default,Default,Default,1,Default,Default,Default,Default,Default,Default,Default,Default,Default,1,Default,2,118784,103.56 ms,4.606 ms,13.509 ms,96.68 ms,1000.0000,41.0000,0.0000,1000.0000,1000.0000,117 MB
GetHashAsync,Job-RDFKRE,False,Default,Default,Default,Default,Default,Default,111111111111111111111111,Empty,RyuJit,X64,8c5e7fda-e8bf-4a96-9a85-a6e23a8c635c,.NET 5.0,False,True,False,True,Default,Default,False,False,False,Default,Default,Default,Default,Default,Default,Default,1,Default,Default,Default,Default,Default,Default,Default,Default,Default,1,Default,2,122880,105.87 ms,4.182 ms,12.332 ms,99.84 ms,1000.0000,41.0000,0.0000,1000.0000,1000.0000,121 MB
GetHashAsync,Job-RDFKRE,False,Default,Default,Default,Default,Default,Default,111111111111111111111111,Empty,RyuJit,X64,8c5e7fda-e8bf-4a96-9a85-a6e23a8c635c,.NET 5.0,False,True,False,True,Default,Default,False,False,False,Default,Default,Default,Default,Default,Default,Default,1,Default,Default,Default,Default,Default,Default,Default,Default,Default,1,Default,2,126976,110.26 ms,4.686 ms,13.816 ms,103.29 ms,1000.0000,41.0000,0.0000,1000.0000,1000.0000,125 MB
GetHashAsync,Job-RDFKRE,False,Default,Default,Default,Default,Default,Default,111111111111111111111111,Empty,RyuJit,X64,8c5e7fda-e8bf-4a96-9a85-a6e23a8c635c,.NET 5.0,False,True,False,True,Default,Default,False,False,False,Default,Default,Default,Default,Default,Default,Default,1,Default,Default,Default,Default,Default,Default,Default,Default,Default,1,Default,2,1048576,963.58 ms,19.092 ms,26.765 ms,960.12 ms,1000.0000,42.0000,0.0000,1000.0000,1000.0000,"1,028 MB"
GetHashAsync,Job-RDFKRE,False,Default,Default,Default,Default,Default,Default,111111111111111111111111,Empty,RyuJit,X64,8c5e7fda-e8bf-4a96-9a85-a6e23a8c635c,.NET 5.0,False,True,False,True,Default,Default,False,False,False,Default,Default,Default,Default,Default,Default,Default,1,Default,Default,Default,Default,Default,Default,Default,Default,Default,1,Default,2,4194304,"3,890.20 ms",70.039 ms,65.515 ms,"3,865.76 ms",1000.0000,43.0000,0.0000,1000.0000,1000.0000,"4,112 MB"
GetHashAsync,Job-RDFKRE,False,Default,Default,Default,Default,Default,Default,111111111111111111111111,Empty,RyuJit,X64,8c5e7fda-e8bf-4a96-9a85-a6e23a8c635c,.NET 5.0,False,True,False,True,Default,Default,False,False,False,Default,Default,Default,Default,Default,Default,Default,1,Default,Default,Default,Default,Default,Default,Default,Default,Default,1,Default,4,65536,101.23 ms,2.010 ms,4.195 ms,99.90 ms,1000.0000,72.0000,0.0000,1000.0000,1000.0000,65 MB
GetHashAsync,Job-RDFKRE,False,Default,Default,Default,Default,Default,Default,111111111111111111111111,Empty,RyuJit,X64,8c5e7fda-e8bf-4a96-9a85-a6e23a8c635c,.NET 5.0,False,True,False,True,Default,Default,False,False,False,Default,Default,Default,Default,Default,Default,Default,1,Default,Default,Default,Default,Default,Default,Default,Default,Default,1,Default,4,69632,107.61 ms,2.066 ms,2.121 ms,107.32 ms,1000.0000,73.0000,0.0000,1000.0000,1000.0000,69 MB
GetHashAsync,Job-RDFKRE,False,Default,Default,Default,Default,Default,Default,111111111111111111111111,Empty,RyuJit,X64,8c5e7fda-e8bf-4a96-9a85-a6e23a8c635c,.NET 5.0,False,True,False,True,Default,Default,False,False,False,Default,Default,Default,Default,Default,Default,Default,1,Default,Default,Default,Default,Default,Default,Default,Default,Default,1,Default,4,73728,118.50 ms,3.034 ms,8.706 ms,114.60 ms,1000.0000,73.0000,0.0000,1000.0000,1000.0000,73 MB
GetHashAsync,Job-RDFKRE,False,Default,Default,Default,Default,Default,Default,111111111111111111111111,Empty,RyuJit,X64,8c5e7fda-e8bf-4a96-9a85-a6e23a8c635c,.NET 5.0,False,True,False,True,Default,Default,False,False,False,Default,Default,Default,Default,Default,Default,Default,1,Default,Default,Default,Default,Default,Default,Default,Default,Default,1,Default,4,77824,120.89 ms,2.367 ms,3.822 ms,120.26 ms,1000.0000,73.0000,0.0000,1000.0000,1000.0000,77 MB
GetHashAsync,Job-RDFKRE,False,Default,Default,Default,Default,Default,Default,111111111111111111111111,Empty,RyuJit,X64,8c5e7fda-e8bf-4a96-9a85-a6e23a8c635c,.NET 5.0,False,True,False,True,Default,Default,False,False,False,Default,Default,Default,Default,Default,Default,Default,1,Default,Default,Default,Default,Default,Default,Default,Default,Default,1,Default,4,81920,126.65 ms,1.724 ms,1.439 ms,126.72 ms,1000.0000,73.0000,0.0000,1000.0000,1000.0000,81 MB
GetHashAsync,Job-RDFKRE,False,Default,Default,Default,Default,Default,Default,111111111111111111111111,Empty,RyuJit,X64,8c5e7fda-e8bf-4a96-9a85-a6e23a8c635c,.NET 5.0,False,True,False,True,Default,Default,False,False,False,Default,Default,Default,Default,Default,Default,Default,1,Default,Default,Default,Default,Default,Default,Default,Default,Default,1,Default,4,86016,135.09 ms,2.695 ms,6.509 ms,132.97 ms,1000.0000,73.0000,0.0000,1000.0000,1000.0000,85 MB
GetHashAsync,Job-RDFKRE,False,Default,Default,Default,Default,Default,Default,111111111111111111111111,Empty,RyuJit,X64,8c5e7fda-e8bf-4a96-9a85-a6e23a8c635c,.NET 5.0,False,True,False,True,Default,Default,False,False,False,Default,Default,Default,Default,Default,Default,Default,1,Default,Default,Default,Default,Default,Default,Default,Default,Default,1,Default,4,90112,139.76 ms,2.761 ms,4.047 ms,138.41 ms,1000.0000,73.0000,0.0000,1000.0000,1000.0000,89 MB
GetHashAsync,Job-RDFKRE,False,Default,Default,Default,Default,Default,Default,111111111111111111111111,Empty,RyuJit,X64,8c5e7fda-e8bf-4a96-9a85-a6e23a8c635c,.NET 5.0,False,True,False,True,Default,Default,False,False,False,Default,Default,Default,Default,Default,Default,Default,1,Default,Default,Default,Default,Default,Default,Default,Default,Default,1,Default,4,94208,149.94 ms,2.978 ms,7.740 ms,147.03 ms,1000.0000,73.0000,0.0000,1000.0000,1000.0000,93 MB
GetHashAsync,Job-RDFKRE,False,Default,Default,Default,Default,Default,Default,111111111111111111111111,Empty,RyuJit,X64,8c5e7fda-e8bf-4a96-9a85-a6e23a8c635c,.NET 5.0,False,True,False,True,Default,Default,False,False,False,Default,Default,Default,Default,Default,Default,Default,1,Default,Default,Default,Default,Default,Default,Default,Default,Default,1,Default,4,98304,151.61 ms,2.906 ms,3.459 ms,151.28 ms,1000.0000,73.0000,0.0000,1000.0000,1000.0000,97 MB
GetHashAsync,Job-RDFKRE,False,Default,Default,Default,Default,Default,Default,111111111111111111111111,Empty,RyuJit,X64,8c5e7fda-e8bf-4a96-9a85-a6e23a8c635c,.NET 5.0,False,True,False,True,Default,Default,False,False,False,Default,Default,Default,Default,Default,Default,Default,1,Default,Default,Default,Default,Default,Default,Default,Default,Default,1,Default,4,102400,157.22 ms,3.116 ms,7.526 ms,154.38 ms,1000.0000,73.0000,0.0000,1000.0000,1000.0000,101 MB
GetHashAsync,Job-RDFKRE,False,Default,Default,Default,Default,Default,Default,111111111111111111111111,Empty,RyuJit,X64,8c5e7fda-e8bf-4a96-9a85-a6e23a8c635c,.NET 5.0,False,True,False,True,Default,Default,False,False,False,Default,Default,Default,Default,Default,Default,Default,1,Default,Default,Default,Default,Default,Default,Default,Default,Default,1,Default,4,106496,161.81 ms,2.727 ms,5.570 ms,160.17 ms,1000.0000,73.0000,0.0000,1000.0000,1000.0000,105 MB
GetHashAsync,Job-RDFKRE,False,Default,Default,Default,Default,Default,Default,111111111111111111111111,Empty,RyuJit,X64,8c5e7fda-e8bf-4a96-9a85-a6e23a8c635c,.NET 5.0,False,True,False,True,Default,Default,False,False,False,Default,Default,Default,Default,Default,Default,Default,1,Default,Default,Default,Default,Default,Default,Default,Default,Default,1,Default,4,110592,173.54 ms,3.441 ms,8.820 ms,170.59 ms,1000.0000,73.0000,0.0000,1000.0000,1000.0000,109 MB
GetHashAsync,Job-RDFKRE,False,Default,Default,Default,Default,Default,Default,111111111111111111111111,Empty,RyuJit,X64,8c5e7fda-e8bf-4a96-9a85-a6e23a8c635c,.NET 5.0,False,True,False,True,Default,Default,False,False,False,Default,Default,Default,Default,Default,Default,Default,1,Default,Default,Default,Default,Default,Default,Default,Default,Default,1,Default,4,114688,180.21 ms,3.489 ms,8.943 ms,177.02 ms,1000.0000,73.0000,0.0000,1000.0000,1000.0000,113 MB
GetHashAsync,Job-RDFKRE,False,Default,Default,Default,Default,Default,Default,111111111111111111111111,Empty,RyuJit,X64,8c5e7fda-e8bf-4a96-9a85-a6e23a8c635c,.NET 5.0,False,True,False,True,Default,Default,False,False,False,Default,Default,Default,Default,Default,Default,Default,1,Default,Default,Default,Default,Default,Default,Default,Default,Default,1,Default,4,118784,185.15 ms,3.678 ms,4.783 ms,184.60 ms,1000.0000,73.0000,0.0000,1000.0000,1000.0000,117 MB
GetHashAsync,Job-RDFKRE,False,Default,Default,Default,Default,Default,Default,111111111111111111111111,Empty,RyuJit,X64,8c5e7fda-e8bf-4a96-9a85-a6e23a8c635c,.NET 5.0,False,True,False,True,Default,Default,False,False,False,Default,Default,Default,Default,Default,Default,Default,1,Default,Default,Default,Default,Default,Default,Default,Default,Default,1,Default,4,122880,199.24 ms,5.394 ms,15.648 ms,192.17 ms,1000.0000,73.0000,0.0000,1000.0000,1000.0000,121 MB
GetHashAsync,Job-RDFKRE,False,Default,Default,Default,Default,Default,Default,111111111111111111111111,Empty,RyuJit,X64,8c5e7fda-e8bf-4a96-9a85-a6e23a8c635c,.NET 5.0,False,True,False,True,Default,Default,False,False,False,Default,Default,Default,Default,Default,Default,Default,1,Default,Default,Default,Default,Default,Default,Default,Default,Default,1,Default,4,126976,208.09 ms,5.395 ms,15.652 ms,203.53 ms,1000.0000,73.0000,0.0000,1000.0000,1000.0000,125 MB
GetHashAsync,Job-RDFKRE,False,Default,Default,Default,Default,Default,Default,111111111111111111111111,Empty,RyuJit,X64,8c5e7fda-e8bf-4a96-9a85-a6e23a8c635c,.NET 5.0,False,True,False,True,Default,Default,False,False,False,Default,Default,Default,Default,Default,Default,Default,1,Default,Default,Default,Default,Default,Default,Default,Default,Default,1,Default,4,1048576,"1,805.06 ms",35.193 ms,32.920 ms,"1,803.00 ms",1000.0000,74.0000,0.0000,1000.0000,1000.0000,"1,028 MB"
GetHashAsync,Job-RDFKRE,False,Default,Default,Default,Default,Default,Default,111111111111111111111111,Empty,RyuJit,X64,8c5e7fda-e8bf-4a96-9a85-a6e23a8c635c,.NET 5.0,False,True,False,True,Default,Default,False,False,False,Default,Default,Default,Default,Default,Default,Default,1,Default,Default,Default,Default,Default,Default,Default,Default,Default,1,Default,4,4194304,"7,156.47 ms",73.401 ms,68.660 ms,"7,146.04 ms",1000.0000,75.0000,0.0000,1000.0000,1000.0000,"4,112 MB"
GetHashAsync,Job-RDFKRE,False,Default,Default,Default,Default,Default,Default,111111111111111111111111,Empty,RyuJit,X64,8c5e7fda-e8bf-4a96-9a85-a6e23a8c635c,.NET 5.0,False,True,False,True,Default,Default,False,False,False,Default,Default,Default,Default,Default,Default,Default,1,Default,Default,Default,Default,Default,Default,Default,Default,Default,1,Default,6,65536,147.80 ms,2.947 ms,7.229 ms,145.06 ms,1000.0000,105.0000,0.0000,1000.0000,1000.0000,65 MB
GetHashAsync,Job-RDFKRE,False,Default,Default,Default,Default,Default,Default,111111111111111111111111,Empty,RyuJit,X64,8c5e7fda-e8bf-4a96-9a85-a6e23a8c635c,.NET 5.0,False,True,False,True,Default,Default,False,False,False,Default,Default,Default,Default,Default,Default,Default,1,Default,Default,Default,Default,Default,Default,Default,Default,Default,1,Default,6,69632,154.95 ms,2.799 ms,6.144 ms,153.15 ms,1000.0000,105.0000,0.0000,1000.0000,1000.0000,69 MB
GetHashAsync,Job-RDFKRE,False,Default,Default,Default,Default,Default,Default,111111111111111111111111,Empty,RyuJit,X64,8c5e7fda-e8bf-4a96-9a85-a6e23a8c635c,.NET 5.0,False,True,False,True,Default,Default,False,False,False,Default,Default,Default,Default,Default,Default,Default,1,Default,Default,Default,Default,Default,Default,Default,Default,Default,1,Default,6,73728,167.74 ms,3.326 ms,6.719 ms,165.71 ms,1000.0000,105.0000,0.0000,1000.0000,1000.0000,73 MB
GetHashAsync,Job-RDFKRE,False,Default,Default,Default,Default,Default,Default,111111111111111111111111,Empty,RyuJit,X64,8c5e7fda-e8bf-4a96-9a85-a6e23a8c635c,.NET 5.0,False,True,False,True,Default,Default,False,False,False,Default,Default,Default,Default,Default,Default,Default,1,Default,Default,Default,Default,Default,Default,Default,Default,Default,1,Default,6,77824,174.74 ms,3.301 ms,7.105 ms,173.08 ms,1000.0000,105.0000,0.0000,1000.0000,1000.0000,77 MB
GetHashAsync,Job-RDFKRE,False,Default,Default,Default,Default,Default,Default,111111111111111111111111,Empty,RyuJit,X64,8c5e7fda-e8bf-4a96-9a85-a6e23a8c635c,.NET 5.0,False,True,False,True,Default,Default,False,False,False,Default,Default,Default,Default,Default,Default,Default,1,Default,Default,Default,Default,Default,Default,Default,Default,Default,1,Default,6,81920,184.27 ms,3.667 ms,3.601 ms,183.81 ms,1000.0000,105.0000,0.0000,1000.0000,1000.0000,81 MB
GetHashAsync,Job-RDFKRE,False,Default,Default,Default,Default,Default,Default,111111111111111111111111,Empty,RyuJit,X64,8c5e7fda-e8bf-4a96-9a85-a6e23a8c635c,.NET 5.0,False,True,False,True,Default,Default,False,False,False,Default,Default,Default,Default,Default,Default,Default,1,Default,Default,Default,Default,Default,Default,Default,Default,Default,1,Default,6,86016,193.23 ms,3.562 ms,2.974 ms,191.84 ms,1000.0000,105.0000,0.0000,1000.0000,1000.0000,85 MB
GetHashAsync,Job-RDFKRE,False,Default,Default,Default,Default,Default,Default,111111111111111111111111,Empty,RyuJit,X64,8c5e7fda-e8bf-4a96-9a85-a6e23a8c635c,.NET 5.0,False,True,False,True,Default,Default,False,False,False,Default,Default,Default,Default,Default,Default,Default,1,Default,Default,Default,Default,Default,Default,Default,Default,Default,1,Default,6,90112,204.11 ms,3.896 ms,3.253 ms,205.28 ms,1000.0000,105.0000,0.0000,1000.0000,1000.0000,89 MB
GetHashAsync,Job-RDFKRE,False,Default,Default,Default,Default,Default,Default,111111111111111111111111,Empty,RyuJit,X64,8c5e7fda-e8bf-4a96-9a85-a6e23a8c635c,.NET 5.0,False,True,False,True,Default,Default,False,False,False,Default,Default,Default,Default,Default,Default,Default,1,Default,Default,Default,Default,Default,Default,Default,Default,Default,1,Default,6,94208,216.49 ms,3.995 ms,9.178 ms,213.10 ms,1000.0000,105.0000,0.0000,1000.0000,1000.0000,93 MB
GetHashAsync,Job-RDFKRE,False,Default,Default,Default,Default,Default,Default,111111111111111111111111,Empty,RyuJit,X64,8c5e7fda-e8bf-4a96-9a85-a6e23a8c635c,.NET 5.0,False,True,False,True,Default,Default,False,False,False,Default,Default,Default,Default,Default,Default,Default,1,Default,Default,Default,Default,Default,Default,Default,Default,Default,1,Default,6,98304,231.42 ms,4.844 ms,14.283 ms,225.72 ms,1000.0000,106.0000,0.0000,1000.0000,1000.0000,97 MB
GetHashAsync,Job-RDFKRE,False,Default,Default,Default,Default,Default,Default,111111111111111111111111,Empty,RyuJit,X64,8c5e7fda-e8bf-4a96-9a85-a6e23a8c635c,.NET 5.0,False,True,False,True,Default,Default,False,False,False,Default,Default,Default,Default,Default,Default,Default,1,Default,Default,Default,Default,Default,Default,Default,Default,Default,1,Default,6,102400,239.95 ms,5.048 ms,14.884 ms,232.76 ms,1000.0000,106.0000,0.0000,1000.0000,1000.0000,101 MB
GetHashAsync,Job-RDFKRE,False,Default,Default,Default,Default,Default,Default,111111111111111111111111,Empty,RyuJit,X64,8c5e7fda-e8bf-4a96-9a85-a6e23a8c635c,.NET 5.0,False,True,False,True,Default,Default,False,False,False,Default,Default,Default,Default,Default,Default,Default,1,Default,Default,Default,Default,Default,Default,Default,Default,Default,1,Default,6,106496,239.86 ms,4.354 ms,3.636 ms,239.12 ms,1000.0000,106.0000,0.0000,1000.0000,1000.0000,105 MB
GetHashAsync,Job-RDFKRE,False,Default,Default,Default,Default,Default,Default,111111111111111111111111,Empty,RyuJit,X64,8c5e7fda-e8bf-4a96-9a85-a6e23a8c635c,.NET 5.0,False,True,False,True,Default,Default,False,False,False,Default,Default,Default,Default,Default,Default,Default,1,Default,Default,Default,Default,Default,Default,Default,Default,Default,1,Default,6,110592,259.48 ms,5.619 ms,16.569 ms,252.45 ms,1000.0000,106.0000,0.0000,1000.0000,1000.0000,109 MB
GetHashAsync,Job-RDFKRE,False,Default,Default,Default,Default,Default,Default,111111111111111111111111,Empty,RyuJit,X64,8c5e7fda-e8bf-4a96-9a85-a6e23a8c635c,.NET 5.0,False,True,False,True,Default,Default,False,False,False,Default,Default,Default,Default,Default,Default,Default,1,Default,Default,Default,Default,Default,Default,Default,Default,Default,1,Default,6,114688,268.94 ms,5.320 ms,14.015 ms,262.74 ms,1000.0000,106.0000,0.0000,1000.0000,1000.0000,113 MB
GetHashAsync,Job-RDFKRE,False,Default,Default,Default,Default,Default,Default,111111111111111111111111,Empty,RyuJit,X64,8c5e7fda-e8bf-4a96-9a85-a6e23a8c635c,.NET 5.0,False,True,False,True,Default,Default,False,False,False,Default,Default,Default,Default,Default,Default,Default,1,Default,Default,Default,Default,Default,Default,Default,Default,Default,1,Default,6,118784,284.79 ms,5.684 ms,14.873 ms,280.38 ms,1000.0000,106.0000,0.0000,1000.0000,1000.0000,117 MB
GetHashAsync,Job-RDFKRE,False,Default,Default,Default,Default,Default,Default,111111111111111111111111,Empty,RyuJit,X64,8c5e7fda-e8bf-4a96-9a85-a6e23a8c635c,.NET 5.0,False,True,False,True,Default,Default,False,False,False,Default,Default,Default,Default,Default,Default,Default,1,Default,Default,Default,Default,Default,Default,Default,Default,Default,1,Default,6,122880,299.67 ms,6.792 ms,19.046 ms,298.41 ms,1000.0000,106.0000,0.0000,1000.0000,1000.0000,121 MB
GetHashAsync,Job-RDFKRE,False,Default,Default,Default,Default,Default,Default,111111111111111111111111,Empty,RyuJit,X64,8c5e7fda-e8bf-4a96-9a85-a6e23a8c635c,.NET 5.0,False,True,False,True,Default,Default,False,False,False,Default,Default,Default,Default,Default,Default,Default,1,Default,Default,Default,Default,Default,Default,Default,Default,Default,1,Default,6,126976,295.06 ms,5.852 ms,15.314 ms,292.43 ms,1000.0000,106.0000,0.0000,1000.0000,1000.0000,125 MB
GetHashAsync,Job-RDFKRE,False,Default,Default,Default,Default,Default,Default,111111111111111111111111,Empty,RyuJit,X64,8c5e7fda-e8bf-4a96-9a85-a6e23a8c635c,.NET 5.0,False,True,False,True,Default,Default,False,False,False,Default,Default,Default,Default,Default,Default,Default,1,Default,Default,Default,Default,Default,Default,Default,Default,Default,1,Default,6,1048576,"2,531.27 ms",9.554 ms,7.459 ms,"2,530.39 ms",1000.0000,106.0000,0.0000,1000.0000,1000.0000,"1,028 MB"
GetHashAsync,Job-RDFKRE,False,Default,Default,Default,Default,Default,Default,111111111111111111111111,Empty,RyuJit,X64,8c5e7fda-e8bf-4a96-9a85-a6e23a8c635c,.NET 5.0,False,True,False,True,Default,Default,False,False,False,Default,Default,Default,Default,Default,Default,Default,1,Default,Default,Default,Default,Default,Default,Default,Default,Default,1,Default,6,4194304,"10,209.15 ms",67.487 ms,59.826 ms,"10,206.44 ms",1000.0000,107.0000,0.0000,1000.0000,1000.0000,"4,112 MB"
GetHashAsync,Job-RDFKRE,False,Default,Default,Default,Default,Default,Default,111111111111111111111111,Empty,RyuJit,X64,8c5e7fda-e8bf-4a96-9a85-a6e23a8c635c,.NET 5.0,False,True,False,True,Default,Default,False,False,False,Default,Default,Default,Default,Default,Default,Default,1,Default,Default,Default,Default,Default,Default,Default,Default,Default,1,Default,8,65536,191.80 ms,2.859 ms,4.190 ms,191.42 ms,1000.0000,137.0000,0.0000,1000.0000,1000.0000,65 MB
GetHashAsync,Job-RDFKRE,False,Default,Default,Default,Default,Default,Default,111111111111111111111111,Empty,RyuJit,X64,8c5e7fda-e8bf-4a96-9a85-a6e23a8c635c,.NET 5.0,False,True,False,True,Default,Default,False,False,False,Default,Default,Default,Default,Default,Default,Default,1,Default,Default,Default,Default,Default,Default,Default,Default,Default,1,Default,8,69632,209.15 ms,3.982 ms,8.044 ms,207.38 ms,1000.0000,137.0000,0.0000,1000.0000,1000.0000,69 MB
GetHashAsync,Job-RDFKRE,False,Default,Default,Default,Default,Default,Default,111111111111111111111111,Empty,RyuJit,X64,8c5e7fda-e8bf-4a96-9a85-a6e23a8c635c,.NET 5.0,False,True,False,True,Default,Default,False,False,False,Default,Default,Default,Default,Default,Default,Default,1,Default,Default,Default,Default,Default,Default,Default,Default,Default,1,Default,8,73728,224.55 ms,4.468 ms,10.705 ms,220.07 ms,1000.0000,138.0000,0.0000,1000.0000,1000.0000,73 MB
GetHashAsync,Job-RDFKRE,False,Default,Default,Default,Default,Default,Default,111111111111111111111111,Empty,RyuJit,X64,8c5e7fda-e8bf-4a96-9a85-a6e23a8c635c,.NET 5.0,False,True,False,True,Default,Default,False,False,False,Default,Default,Default,Default,Default,Default,Default,1,Default,Default,Default,Default,Default,Default,Default,Default,Default,1,Default,8,77824,233.50 ms,4.647 ms,11.043 ms,228.93 ms,1000.0000,138.0000,0.0000,1000.0000,1000.0000,77 MB
GetHashAsync,Job-RDFKRE,False,Default,Default,Default,Default,Default,Default,111111111111111111111111,Empty,RyuJit,X64,8c5e7fda-e8bf-4a96-9a85-a6e23a8c635c,.NET 5.0,False,True,False,True,Default,Default,False,False,False,Default,Default,Default,Default,Default,Default,Default,1,Default,Default,Default,Default,Default,Default,Default,Default,Default,1,Default,8,81920,247.21 ms,4.872 ms,10.488 ms,243.98 ms,1000.0000,138.0000,0.0000,1000.0000,1000.0000,81 MB
GetHashAsync,Job-RDFKRE,False,Default,Default,Default,Default,Default,Default,111111111111111111111111,Empty,RyuJit,X64,8c5e7fda-e8bf-4a96-9a85-a6e23a8c635c,.NET 5.0,False,True,False,True,Default,Default,False,False,False,Default,Default,Default,Default,Default,Default,Default,1,Default,Default,Default,Default,Default,Default,Default,Default,Default,1,Default,8,86016,262.96 ms,5.221 ms,11.996 ms,257.11 ms,1000.0000,138.0000,0.0000,1000.0000,1000.0000,85 MB
GetHashAsync,Job-RDFKRE,False,Default,Default,Default,Default,Default,Default,111111111111111111111111,Empty,RyuJit,X64,8c5e7fda-e8bf-4a96-9a85-a6e23a8c635c,.NET 5.0,False,True,False,True,Default,Default,False,False,False,Default,Default,Default,Default,Default,Default,Default,1,Default,Default,Default,Default,Default,Default,Default,Default,Default,1,Default,8,90112,274.66 ms,5.447 ms,11.003 ms,270.77 ms,1000.0000,138.0000,0.0000,1000.0000,1000.0000,89 MB
GetHashAsync,Job-RDFKRE,False,Default,Default,Default,Default,Default,Default,111111111111111111111111,Empty,RyuJit,X64,8c5e7fda-e8bf-4a96-9a85-a6e23a8c635c,.NET 5.0,False,True,False,True,Default,Default,False,False,False,Default,Default,Default,Default,Default,Default,Default,1,Default,Default,Default,Default,Default,Default,Default,Default,Default,1,Default,8,94208,283.22 ms,5.661 ms,11.435 ms,279.87 ms,1000.0000,138.0000,0.0000,1000.0000,1000.0000,93 MB
GetHashAsync,Job-RDFKRE,False,Default,Default,Default,Default,Default,Default,111111111111111111111111,Empty,RyuJit,X64,8c5e7fda-e8bf-4a96-9a85-a6e23a8c635c,.NET 5.0,False,True,False,True,Default,Default,False,False,False,Default,Default,Default,Default,Default,Default,Default,1,Default,Default,Default,Default,Default,Default,Default,Default,Default,1,Default,8,98304,300.86 ms,6.000 ms,13.044 ms,296.46 ms,1000.0000,138.0000,0.0000,1000.0000,1000.0000,97 MB
GetHashAsync,Job-RDFKRE,False,Default,Default,Default,Default,Default,Default,111111111111111111111111,Empty,RyuJit,X64,8c5e7fda-e8bf-4a96-9a85-a6e23a8c635c,.NET 5.0,False,True,False,True,Default,Default,False,False,False,Default,Default,Default,Default,Default,Default,Default,1,Default,Default,Default,Default,Default,Default,Default,Default,Default,1,Default,8,102400,307.35 ms,6.107 ms,10.855 ms,304.81 ms,1000.0000,138.0000,0.0000,1000.0000,1000.0000,101 MB
GetHashAsync,Job-RDFKRE,False,Default,Default,Default,Default,Default,Default,111111111111111111111111,Empty,RyuJit,X64,8c5e7fda-e8bf-4a96-9a85-a6e23a8c635c,.NET 5.0,False,True,False,True,Default,Default,False,False,False,Default,Default,Default,Default,Default,Default,Default,1,Default,Default,Default,Default,Default,Default,Default,Default,Default,1,Default,8,106496,326.90 ms,6.476 ms,12.164 ms,323.82 ms,1000.0000,138.0000,0.0000,1000.0000,1000.0000,105 MB
GetHashAsync,Job-RDFKRE,False,Default,Default,Default,Default,Default,Default,111111111111111111111111,Empty,RyuJit,X64,8c5e7fda-e8bf-4a96-9a85-a6e23a8c635c,.NET 5.0,False,True,False,True,Default,Default,False,False,False,Default,Default,Default,Default,Default,Default,Default,1,Default,Default,Default,Default,Default,Default,Default,Default,Default,1,Default,8,110592,340.29 ms,6.790 ms,12.070 ms,338.08 ms,1000.0000,138.0000,0.0000,1000.0000,1000.0000,109 MB
GetHashAsync,Job-RDFKRE,False,Default,Default,Default,Default,Default,Default,111111111111111111111111,Empty,RyuJit,X64,8c5e7fda-e8bf-4a96-9a85-a6e23a8c635c,.NET 5.0,False,True,False,True,Default,Default,False,False,False,Default,Default,Default,Default,Default,Default,Default,1,Default,Default,Default,Default,Default,Default,Default,Default,Default,1,Default,8,114688,345.80 ms,6.866 ms,12.896 ms,343.04 ms,1000.0000,138.0000,0.0000,1000.0000,1000.0000,113 MB
GetHashAsync,Job-RDFKRE,False,Default,Default,Default,Default,Default,Default,111111111111111111111111,Empty,RyuJit,X64,8c5e7fda-e8bf-4a96-9a85-a6e23a8c635c,.NET 5.0,False,True,False,True,Default,Default,False,False,False,Default,Default,Default,Default,Default,Default,Default,1,Default,Default,Default,Default,Default,Default,Default,Default,Default,1,Default,8,118784,362.87 ms,7.121 ms,12.841 ms,359.17 ms,1000.0000,138.0000,0.0000,1000.0000,1000.0000,117 MB
GetHashAsync,Job-RDFKRE,False,Default,Default,Default,Default,Default,Default,111111111111111111111111,Empty,RyuJit,X64,8c5e7fda-e8bf-4a96-9a85-a6e23a8c635c,.NET 5.0,False,True,False,True,Default,Default,False,False,False,Default,Default,Default,Default,Default,Default,Default,1,Default,Default,Default,Default,Default,Default,Default,Default,Default,1,Default,8,122880,376.15 ms,7.501 ms,12.112 ms,370.91 ms,1000.0000,138.0000,0.0000,1000.0000,1000.0000,121 MB
GetHashAsync,Job-RDFKRE,False,Default,Default,Default,Default,Default,Default,111111111111111111111111,Empty,RyuJit,X64,8c5e7fda-e8bf-4a96-9a85-a6e23a8c635c,.NET 5.0,False,True,False,True,Default,Default,False,False,False,Default,Default,Default,Default,Default,Default,Default,1,Default,Default,Default,Default,Default,Default,Default,Default,Default,1,Default,8,126976,390.98 ms,7.800 ms,13.864 ms,389.09 ms,1000.0000,138.0000,0.0000,1000.0000,1000.0000,125 MB
GetHashAsync,Job-RDFKRE,False,Default,Default,Default,Default,Default,Default,111111111111111111111111,Empty,RyuJit,X64,8c5e7fda-e8bf-4a96-9a85-a6e23a8c635c,.NET 5.0,False,True,False,True,Default,Default,False,False,False,Default,Default,Default,Default,Default,Default,Default,1,Default,Default,Default,Default,Default,Default,Default,Default,Default,1,Default,8,1048576,"3,283.68 ms",42.064 ms,37.288 ms,"3,275.51 ms",1000.0000,138.0000,0.0000,1000.0000,1000.0000,"1,028 MB"
GetHashAsync,Job-RDFKRE,False,Default,Default,Default,Default,Default,Default,111111111111111111111111,Empty,RyuJit,X64,8c5e7fda-e8bf-4a96-9a85-a6e23a8c635c,.NET 5.0,False,True,False,True,Default,Default,False,False,False,Default,Default,Default,Default,Default,Default,Default,1,Default,Default,Default,Default,Default,Default,Default,Default,Default,1,Default,8,4194304,"13,811.99 ms",141.275 ms,117.971 ms,"13,804.44 ms",1000.0000,139.0000,0.0000,1000.0000,1000.0000,"4,112 MB"
GetHashAsync,Job-RDFKRE,False,Default,Default,Default,Default,Default,Default,111111111111111111111111,Empty,RyuJit,X64,8c5e7fda-e8bf-4a96-9a85-a6e23a8c635c,.NET 5.0,False,True,False,True,Default,Default,False,False,False,Default,Default,Default,Default,Default,Default,Default,1,Default,Default,Default,Default,Default,Default,Default,Default,Default,1,Default,10,65536,240.45 ms,4.792 ms,9.346 ms,238.22 ms,1000.0000,170.0000,0.0000,1000.0000,1000.0000,65 MB
GetHashAsync,Job-RDFKRE,False,Default,Default,Default,Default,Default,Default,111111111111111111111111,Empty,RyuJit,X64,8c5e7fda-e8bf-4a96-9a85-a6e23a8c635c,.NET 5.0,False,True,False,True,Default,Default,False,False,False,Default,Default,Default,Default,Default,Default,Default,1,Default,Default,Default,Default,Default,Default,Default,Default,Default,1,Default,10,69632,266.90 ms,5.271 ms,11.458 ms,261.70 ms,1000.0000,170.0000,0.0000,1000.0000,1000.0000,69 MB
GetHashAsync,Job-RDFKRE,False,Default,Default,Default,Default,Default,Default,111111111111111111111111,Empty,RyuJit,X64,8c5e7fda-e8bf-4a96-9a85-a6e23a8c635c,.NET 5.0,False,True,False,True,Default,Default,False,False,False,Default,Default,Default,Default,Default,Default,Default,1,Default,Default,Default,Default,Default,Default,Default,Default,Default,1,Default,10,73728,283.46 ms,5.631 ms,11.630 ms,280.71 ms,1000.0000,170.0000,0.0000,1000.0000,1000.0000,73 MB
GetHashAsync,Job-RDFKRE,False,Default,Default,Default,Default,Default,Default,111111111111111111111111,Empty,RyuJit,X64,8c5e7fda-e8bf-4a96-9a85-a6e23a8c635c,.NET 5.0,False,True,False,True,Default,Default,False,False,False,Default,Default,Default,Default,Default,Default,Default,1,Default,Default,Default,Default,Default,Default,Default,Default,Default,1,Default,10,77824,290.32 ms,5.779 ms,10.855 ms,287.79 ms,1000.0000,170.0000,0.0000,1000.0000,1000.0000,77 MB
GetHashAsync,Job-RDFKRE,False,Default,Default,Default,Default,Default,Default,111111111111111111111111,Empty,RyuJit,X64,8c5e7fda-e8bf-4a96-9a85-a6e23a8c635c,.NET 5.0,False,True,False,True,Default,Default,False,False,False,Default,Default,Default,Default,Default,Default,Default,1,Default,Default,Default,Default,Default,Default,Default,Default,Default,1,Default,10,81920,308.82 ms,6.115 ms,13.803 ms,306.70 ms,1000.0000,170.0000,0.0000,1000.0000,1000.0000,81 MB
GetHashAsync,Job-RDFKRE,False,Default,Default,Default,Default,Default,Default,111111111111111111111111,Empty,RyuJit,X64,8c5e7fda-e8bf-4a96-9a85-a6e23a8c635c,.NET 5.0,False,True,False,True,Default,Default,False,False,False,Default,Default,Default,Default,Default,Default,Default,1,Default,Default,Default,Default,Default,Default,Default,Default,Default,1,Default,10,86016,319.94 ms,6.331 ms,10.751 ms,321.59 ms,1000.0000,170.0000,0.0000,1000.0000,1000.0000,85 MB
GetHashAsync,Job-RDFKRE,False,Default,Default,Default,Default,Default,Default,111111111111111111111111,Empty,RyuJit,X64,8c5e7fda-e8bf-4a96-9a85-a6e23a8c635c,.NET 5.0,False,True,False,True,Default,Default,False,False,False,Default,Default,Default,Default,Default,Default,Default,1,Default,Default,Default,Default,Default,Default,Default,Default,Default,1,Default,10,90112,339.44 ms,6.650 ms,11.471 ms,337.47 ms,1000.0000,170.0000,0.0000,1000.0000,1000.0000,89 MB
GetHashAsync,Job-RDFKRE,False,Default,Default,Default,Default,Default,Default,111111111111111111111111,Empty,RyuJit,X64,8c5e7fda-e8bf-4a96-9a85-a6e23a8c635c,.NET 5.0,False,True,False,True,Default,Default,False,False,False,Default,Default,Default,Default,Default,Default,Default,1,Default,Default,Default,Default,Default,Default,Default,Default,Default,1,Default,10,94208,357.24 ms,6.990 ms,11.087 ms,352.16 ms,1000.0000,170.0000,0.0000,1000.0000,1000.0000,93 MB
GetHashAsync,Job-RDFKRE,False,Default,Default,Default,Default,Default,Default,111111111111111111111111,Empty,RyuJit,X64,8c5e7fda-e8bf-4a96-9a85-a6e23a8c635c,.NET 5.0,False,True,False,True,Default,Default,False,False,False,Default,Default,Default,Default,Default,Default,Default,1,Default,Default,Default,Default,Default,Default,Default,Default,Default,1,Default,10,98304,382.64 ms,7.512 ms,13.923 ms,381.64 ms,1000.0000,170.0000,0.0000,1000.0000,1000.0000,97 MB
GetHashAsync,Job-RDFKRE,False,Default,Default,Default,Default,Default,Default,111111111111111111111111,Empty,RyuJit,X64,8c5e7fda-e8bf-4a96-9a85-a6e23a8c635c,.NET 5.0,False,True,False,True,Default,Default,False,False,False,Default,Default,Default,Default,Default,Default,Default,1,Default,Default,Default,Default,Default,Default,Default,Default,Default,1,Default,10,102400,401.42 ms,7.687 ms,18.119 ms,398.76 ms,1000.0000,170.0000,0.0000,1000.0000,1000.0000,101 MB
GetHashAsync,Job-RDFKRE,False,Default,Default,Default,Default,Default,Default,111111111111111111111111,Empty,RyuJit,X64,8c5e7fda-e8bf-4a96-9a85-a6e23a8c635c,.NET 5.0,False,True,False,True,Default,Default,False,False,False,Default,Default,Default,Default,Default,Default,Default,1,Default,Default,Default,Default,Default,Default,Default,Default,Default,1,Default,10,106496,405.07 ms,8.098 ms,13.530 ms,404.39 ms,1000.0000,170.0000,0.0000,1000.0000,1000.0000,105 MB
GetHashAsync,Job-RDFKRE,False,Default,Default,Default,Default,Default,Default,111111111111111111111111,Empty,RyuJit,X64,8c5e7fda-e8bf-4a96-9a85-a6e23a8c635c,.NET 5.0,False,True,False,True,Default,Default,False,False,False,Default,Default,Default,Default,Default,Default,Default,1,Default,Default,Default,Default,Default,Default,Default,Default,Default,1,Default,10,110592,420.45 ms,8.340 ms,14.161 ms,415.84 ms,1000.0000,171.0000,0.0000,1000.0000,1000.0000,109 MB
GetHashAsync,Job-RDFKRE,False,Default,Default,Default,Default,Default,Default,111111111111111111111111,Empty,RyuJit,X64,8c5e7fda-e8bf-4a96-9a85-a6e23a8c635c,.NET 5.0,False,True,False,True,Default,Default,False,False,False,Default,Default,Default,Default,Default,Default,Default,1,Default,Default,Default,Default,Default,Default,Default,Default,Default,1,Default,10,114688,435.76 ms,8.607 ms,14.141 ms,435.00 ms,1000.0000,170.0000,0.0000,1000.0000,1000.0000,113 MB
GetHashAsync,Job-RDFKRE,False,Default,Default,Default,Default,Default,Default,111111111111111111111111,Empty,RyuJit,X64,8c5e7fda-e8bf-4a96-9a85-a6e23a8c635c,.NET 5.0,False,True,False,True,Default,Default,False,False,False,Default,Default,Default,Default,Default,Default,Default,1,Default,Default,Default,Default,Default,Default,Default,Default,Default,1,Default,10,118784,446.31 ms,8.846 ms,11.503 ms,441.31 ms,1000.0000,170.0000,0.0000,1000.0000,1000.0000,117 MB
GetHashAsync,Job-RDFKRE,False,Default,Default,Default,Default,Default,Default,111111111111111111111111,Empty,RyuJit,X64,8c5e7fda-e8bf-4a96-9a85-a6e23a8c635c,.NET 5.0,False,True,False,True,Default,Default,False,False,False,Default,Default,Default,Default,Default,Default,Default,1,Default,Default,Default,Default,Default,Default,Default,Default,Default,1,Default,10,122880,476.73 ms,9.485 ms,12.662 ms,476.95 ms,1000.0000,170.0000,0.0000,1000.0000,1000.0000,121 MB
GetHashAsync,Job-RDFKRE,False,Default,Default,Default,Default,Default,Default,111111111111111111111111,Empty,RyuJit,X64,8c5e7fda-e8bf-4a96-9a85-a6e23a8c635c,.NET 5.0,False,True,False,True,Default,Default,False,False,False,Default,Default,Default,Default,Default,Default,Default,1,Default,Default,Default,Default,Default,Default,Default,Default,Default,1,Default,10,126976,486.61 ms,9.552 ms,13.390 ms,487.92 ms,1000.0000,170.0000,0.0000,1000.0000,1000.0000,125 MB
GetHashAsync,Job-RDFKRE,False,Default,Default,Default,Default,Default,Default,111111111111111111111111,Empty,RyuJit,X64,8c5e7fda-e8bf-4a96-9a85-a6e23a8c635c,.NET 5.0,False,True,False,True,Default,Default,False,False,False,Default,Default,Default,Default,Default,Default,Default,1,Default,Default,Default,Default,Default,Default,Default,Default,Default,1,Default,10,1048576,"4,124.52 ms",37.429 ms,35.011 ms,"4,114.76 ms",1000.0000,170.0000,0.0000,1000.0000,1000.0000,"1,028 MB"
GetHashAsync,Job-RDFKRE,False,Default,Default,Default,Default,Default,Default,111111111111111111111111,Empty,RyuJit,X64,8c5e7fda-e8bf-4a96-9a85-a6e23a8c635c,.NET 5.0,False,True,False,True,Default,Default,False,False,False,Default,Default,Default,Default,Default,Default,Default,1,Default,Default,Default,Default,Default,Default,Default,Default,Default,1,Default,10,4194304,"16,946.39 ms",122.285 ms,114.385 ms,"16,915.98 ms",1000.0000,171.0000,0.0000,1000.0000,1000.0000,"4,112 MB"
